,Female,Male,Non-binary,Prefer not to say
Carsharing,0.123836127,0.088408644,0.222222222,0.120967742
Environment,0.188081937,0.190569745,0.222222222,0.14516129
Online Shopping,0.087523277,0.070726916,0,0.096774194
Accessibility for All,0.179702048,0.166994106,0.111111111,0.209677419
Walking and Biking for Health,0.201117318,0.220039293,0.222222222,0.169354839
Self-Driving Cars,0.091247672,0.161100196,0,0.072580645
Climate Change,0.12849162,0.1021611,0.222222222,0.185483871
